smiles,pred
CC(c1ncncc1F)C(O)(Cn1cncn1)c1ccc(F)cc1,0.5163658261299133
OC(Cn1cncn1)(Cn1cncn1)c1ccc(F)cc1F,0.5527982115745544
COc1ccccc1OCC(O)COC(N)=O,0.48006704449653625
COc1ccccc1OCC(O)COC(N)=O,0.4800671339035034
